after,checkout,dairy,drinks,fruit,spices
checkout,1.0,0.10267806908968155,0.2155048324079786,0.20105445388731508,0.1498884995221408
dairy,0.0,0.737031619219084,0.011001439440674481,0.09592382751022978,0.19353297228416694
drinks,0.0,0.05862495780353325,0.5984988690108987,0.05524079320113314,0.163109270468302
fruit,0.0,0.05007314054236525,0.08801151552539585,0.5971041863393138,0.09127110544759477
spices,0.0,0.05159221334533588,0.08698334361505243,0.05067673906200818,0.4021981522777955
